strike,bid,ask,underlying_bid,underlying_ask,timeToMaturity,sP500AdjClose,sP500High,sP500Low,sP500Close,moneyness,statisticalVolatility,vixIndex,extremeVolatility,garmanKlass,riskFree,ending_ask
0.75,0.45548135781858656,0.4487376203096667,0.507873363169236,0.5580272264050494,0.8135593220338984,0.5470781620493241,0.4922402763632139,0.5066313256159418,0.5470781620493241,0.39622641509433976,0.0,0.2767856936915407,0.0,0.0,0.76923076923077,1301.9